VJCombine	Copy	VGeneName	JGeneName	CDR3	Sequence
TRBV6-2/3.TRBJ1-1	43569	TRBV6-2/3	TRBJ1-1	CASSYFNTEAFFGQG	TGTGCCAGCAGTTACTTCAACACTGAAGCTTTCTTTGGACAAGGC
TRBV27.TRBJ1-1	30619	TRBV27	TRBJ1-1	CASSLYVNTEAFFGQG	TGTGCCAGCAGTTTGTACGTGAACACTGAAGCTTTCTTTGGACAAGGC
TRBV6-2/3.TRBJ2-1	30138	TRBV6-2/3	TRBJ2-1	CASSYGNEQFFGPG	TGTGCCAGCAGTTACGGGAATGAGCAGTTCTTCGGGCCAGGG
TRBV6-2/3.TRBJ2-3	29187	TRBV6-2/3	TRBJ2-3	CASSYTELTDTQYFGPG	TGTGCCAGCAGTTACACCGAACTCACAGATACGCAGTATTTTGGCCCAGGC
TRBV6-2/3.TRBJ2-7	25359	TRBV6-2/3	TRBJ2-7	CASSYGGYEQYFGPG	TGTGCCAGCAGTTACGGGGGTTACGAGCAGTACTTCGGGCCGGGC
TRBV15.TRBJ1-1	23864	TRBV15	TRBJ1-1	CATSLTSGTEAFFGQG	TGTGCCACCAGCCTTACATCAGGGACTGAAGCTTTCTTTGGACAAGGC
TRBV25-1.TRBJ2-2	23756	TRBV25-1	TRBJ2-2	CASSGDRDTGELFFGEG	TGTGCCAGCAGTGGAGACAGGGACACCGGGGAGCTGTTTTTTGGAGAAGGC
TRBV27.TRBJ1-1	23444	TRBV27	TRBJ1-1	CASSPGGVTEAFFGQG	TGTGCCAGCAGCCCAGGGGGCGTGACTGAAGCTTTCTTTGGACAAGGC
TRBV27.TRBJ1-5	23311	TRBV27	TRBJ1-5	CASSSRPGQPQHFGDG	TGTGCCAGCAGTTCCCGCCCGGGACAGCCCCAGCATTTTGGTGATGGG
TRBV6-2/3.TRBJ2-3	22574	TRBV6-2/3	TRBJ2-3	CASSPSTDTQYFGPG	TGTGCCAGCAGTCCAAGCACAGATACGCAGTATTTTGGCCCAGGC
TRBV6-2/3.TRBJ2-7	22225	TRBV6-2/3	TRBJ2-7	CASSFGTSGYYEQYFGPG	TGTGCCAGCAGTTTCGGGACTAGCGGTTATTACGAGCAGTACTTCGGGCCGGGC
TRBV6-1.TRBJ2-3	21926	TRBV6-1	TRBJ2-3	CASSEASGGADTQYFGPG	TGTGCCAGCAGTGAAGCTAGCGGGGGGGCAGATACGCAGTATTTTGGCCCAGGC
TRBV27.TRBJ1-1	21310	TRBV27	TRBJ1-1	CASSLYRGTEAFFGQG	TGTGCCAGCAGTTTATACAGGGGTACTGAAGCTTTCTTTGGACAAGGC
TRBV25-1.TRBJ1-1	20548	TRBV25-1	TRBJ1-1	CASSERGRAEAFFGQG	TGTGCCAGCAGCGAGAGGGGTAGGGCTGAAGCTTTCTTTGGACAAGGC
TRBV6-2/3.TRBJ2-3	20536	TRBV6-2/3	TRBJ2-3	CASSSSPDTQYFGPG	TGTGCCAGCAGTTCCTCTCCAGATACGCAGTATTTTGGCCCAGGC
TRBV6-1.TRBJ2-3	20179	TRBV6-1	TRBJ2-3	CASSVRDVSTDTQYFGPG	TGTGCCAGCAGTGTCCGGGACGTAAGCACAGATACGCAGTATTTTGGCCCAGGC
TRBV6-1.TRBJ1-1	19969	TRBV6-1	TRBJ1-1	CASSEYNTEAFFGQG	TGTGCCAGCAGTGAATACAACACTGAAGCTTTCTTTGGACAAGGC
TRBV6-2/3.TRBJ2-5	19678	TRBV6-2/3	TRBJ2-5	CASSYTETQYFGPG	TGTGCCAGCAGTTACACAGAGACCCAGTACTTCGGGCCAGGC
TRBV27.TRBJ2-3	19591	TRBV27	TRBJ2-3	CASSLRPGFTDTQYFGPG	TGTGCCAGCAGTTTACGACCGGGGTTTACAGATACGCAGTATTTTGGCCCAGGC
TRBV6-1.TRBJ2-3	19447	TRBV6-1	TRBJ2-3	CASSESEYPPYFGPG	TGTGCCAGCAGTGAATCCGAGTACCCACCGTATTTTGGCCCAGGC
TRBV27.TRBJ2-7	19158	TRBV27	TRBJ2-7	CASSLLARSYEQYFGPG	TGTGCCAGCAGTTTACTGGCCAGGAGCTACGAGCAGTACTTCGGGCCGGGC
TRBV27.TRBJ2-7	19156	TRBV27	TRBJ2-7	CASSLGYEQYFGPG	TGTGCCAGCAGTTTAGGCTACGAGCAGTACTTCGGGCCGGGC
TRBV6-1.TRBJ2-3	18830	TRBV6-1	TRBJ2-3	CASTDGVAGDTQYFGPG	TGTGCCAGCACCGACGGGGTAGCAGGAGATACGCAGTATTTTGGCCCAGGC
TRBV27.TRBJ2-7	18467	TRBV27	TRBJ2-7	CASSSGTGSYEQYFGPG	TGTGCCAGCAGTTCCGGGACAGGGTCCTACGAGCAGTACTTCGGGCCGGGC
TRBV6-2/3.TRBJ1-2	18196	TRBV6-2/3	TRBJ1-2	CASSVDSNYGYTFGSG	TGTGCCAGCAGCGTCGACAGCAACTATGGCTACACCTTCGGTTCGGGG
TRBV6-2/3.TRBJ2-3	17654	TRBV6-2/3	TRBJ2-3	CASSYSRDTQYFGPG	TGTGCCAGCAGTTACTCGAGGGATACGCAGTATTTTGGCCCAGGC
TRBV6-2/3.TRBJ2-3	17450	TRBV6-2/3	TRBJ2-3	CASSSPGLAPPDTQYFGPG	TGTGCCAGCAGTTCCCCGGGACTAGCGCCACCAGATACGCAGTATTTTGGCCCAGGC
TRBV7-6.TRBJ2-1	17442	TRBV7-6	TRBJ2-1	CASRDREDNEQFFGPG	TGTGCCAGCCGGGACAGGGAGGATAATGAGCAGTTCTTCGGGCCAGGG
TRBV27.TRBJ1-5	17181	TRBV27	TRBJ1-5	CASRGVNQPQHFGDG	TGTGCCAGCAGGGGAGTCAATCAGCCCCAGCATTTTGGTGATGGG
